{"cameraMode":{"drawMode":0,"name":"Shaded","section":"Shading Mode"},"sceneLighting":true,"audioPlay":false,"sceneViewState":{"m_AlwaysRefresh":false,"showFog":true,"showSkybox":true,"showFlares":true,"showImageEffects":true,"showParticleSystems":true,"showVisualEffectGraphs":true,"m_FxEnabled":true},"in2DMode":false,"pivot":{"x":-0.14120961725711823,"y":31.27069091796875,"z":-54.207088470458987},"rotation":{"x":0.17959992587566377,"y":0.02034362405538559,"z":-0.003799050347879529,"w":0.9835730195045471},"size":7.7037248611450199,"orthographic":false}