{"cameraMode":{"drawMode":0,"name":"Shaded","section":"Shading Mode"},"sceneLighting":true,"audioPlay":false,"sceneViewState":{"m_AlwaysRefresh":false,"showFog":true,"showSkybox":true,"showFlares":true,"showImageEffects":true,"showParticleSystems":true,"showVisualEffectGraphs":true,"m_FxEnabled":true},"in2DMode":false,"pivot":{"x":-40.60013961791992,"y":-6.113199234008789,"z":48.11040115356445},"rotation":{"x":0.1849285364151001,"y":-0.012894445098936558,"z":0.0027666031382977964,"w":0.9827609658241272},"size":59.77959442138672,"orthographic":false}