{"cameraMode":{"drawMode":0,"name":"Shaded","section":"Shading Mode"},"sceneLighting":true,"audioPlay":false,"sceneViewState":{"m_AlwaysRefresh":false,"showFog":true,"showSkybox":true,"showFlares":true,"showImageEffects":true,"showParticleSystems":true,"showVisualEffectGraphs":true,"m_FxEnabled":true},"in2DMode":false,"pivot":{"x":-1.089752197265625,"y":25.335979461669923,"z":13.036750793457032},"rotation":{"x":-0.06162654981017113,"y":-0.15868432819843293,"z":0.009600668214261532,"w":-0.9854859709739685},"size":38.194156646728519,"orthographic":false}